"name","Severity_high","Severity_low","total_Complaints","reopened_complaints","average_time_status_change","complaints_open","complaints_allocated","day"
"Waverley","133","730","5199943723","7317669830","1","83","176","10:33 PM"
"Mordy","442","622","7815869939","7655875308","2","17","194","12:33 AM"
"Duffy","296","871","6388264018","3132695998","3","30","181","10:12 PM"
"Margalit","464","730","5788795605","0089232453","4","47","122","1:10 AM"
"Emmanuel","111","653","4309948510","8459354598","5","16","173","1:20 PM"
"De","210","813","9689708376","1531945732","6","75","118","8:24 PM"
"Nolly","293","803","5392675565","6092597748","7","22","130","1:36 AM"
"Koenraad","193","635","9018615757","0773734899","8","18","192","11:54 AM"
"Evy","279","918","0218200110","9556922598","9","69","175","4:12 AM"
"Valaree","396","660","4956629443","8818631438","10","24","197","1:02 AM"
"Port","408","688","2507943017","2854176863","11","21","145","8:28 AM"
"Sandye","436","723","9068374648","7852277284","12","45","161","4:30 PM"
"Dwayne","253","897","7027537974","5196310150","13","90","165","11:00 PM"
"Felicia","488","705","5963059658","1242703365","14","39","109","9:22 PM"
"Webster","445","727","0910114226","9746018876","15","45","112","1:56 PM"
"Roz","495","650","5927544703","5956821817","16","63","146","5:53 AM"
"Khalil","237","624","1089088515","4286856453","17","43","199","5:56 AM"
"Willy","286","625","4274840808","7745389518","18","33","138","8:05 AM"
"Kelley","424","809","9434128366","1124922660","19","35","138","5:35 PM"
"Dotty","280","969","0956542964","1325121908","20","12","129","8:19 PM"
"Ivar","128","995","5895288111","2153467470","21","54","191","11:30 PM"
"Cyndi","421","764","1611043646","6025207127","22","34","161","11:19 AM"
"Culver","317","761","5924985075","3544852594","23","54","191","9:36 PM"
"Shell","472","987","8537821942","1004832125","24","13","197","9:23 AM"
"Davon","325","945","2413102833","2100905074","25","16","184","9:55 PM"
"Rachele","233","840","9194301328","2246088364","26","47","166","11:01 AM"
"Worthy","468","749","6224885796","8370345794","27","57","128","8:49 PM"
"Barbabas","381","900","0632669365","1516765303","28","12","183","9:05 AM"
"Alphonso","366","700","6115948886","5538401804","29","48","150","10:29 AM"
"Peri","405","973","8997762680","1772724912","30","15","139","9:05 PM"
"Hyacintha","113","972","6395220977","4794998198","31","43","131","6:40 AM"
"Sunny","133","907","1165992167","2251024492","32","37","103","4:02 PM"
"Sandra","171","703","3962981780","9551775333","33","15","138","6:19 PM"
"Sancho","179","609","7112423430","0272694061","34","19","146","1:24 AM"
"Boot","157","848","9610929591","4133618890","35","13","173","12:01 AM"
"Joey","336","825","9166775205","2725984386","36","10","144","11:56 AM"
"Sheilah","361","971","9035717309","9610933513","37","34","144","1:01 PM"
"Nels","186","621","3964102423","8920148236","38","51","113","9:01 PM"
"Binny","349","620","3203827573","9388603788","39","33","186","3:59 AM"
"Truman","247","791","2592143122","6295757073","40","24","192","7:47 AM"
"Luisa","173","863","8905981992","7551474420","41","39","160","9:20 AM"
"Perkin","424","609","5754586418","9404503681","42","28","152","11:59 AM"
"Orren","274","911","7188541485","3300043328","43","43","193","1:08 AM"
"Roch","175","770","7669155973","2913946542","44","23","105","8:49 PM"
"Niels","488","647","3269154380","5442778931","45","43","193","4:59 AM"
"Roanne","471","889","2075433518","4309053718","46","73","164","3:58 AM"
"Theodosia","102","777","6402996564","5827040886","47","80","192","2:39 PM"
"Gracie","263","625","0556753593","1069910112","48","70","165","7:58 PM"
"Clair","149","960","6826849194","3186334942","49","82","182","5:31 AM"
"Annamaria","411","733","1448609186","0873335996","50","50","123","3:23 AM"
"Georgeanne","318","622","8173388415","7963720801","51","69","103","1:58 AM"
"Haroun","353","710","6896649216","6187869001","52","35","166","11:24 AM"
"Clim","320","842","1727062078","2109131578","53","62","163","11:59 AM"
"Brietta","159","681","3852070147","5833518024","54","76","152","3:27 AM"
"Esma","362","631","5639964790","1346961344","55","75","162","8:56 AM"
"Saul","351","831","0659758903","2291078119","56","55","152","1:30 AM"
"Evvie","469","934","3706491559","7444925003","57","62","145","2:51 AM"
"Siobhan","368","802","8647061632","5155308216","58","32","110","6:08 PM"
"Tomaso","192","742","2579931961","1442761393","59","33","142","12:02 PM"
"Roxine","350","734","1588791882","9351147177","60","39","109","10:38 AM"
"Judd","400","744","3555180673","7064529718","61","38","132","11:56 AM"
"Colman","130","735","9088312850","0169392805","62","18","159","5:40 PM"
"Sutherland","432","966","4685820428","6740723761","63","79","114","9:56 PM"
"Fernando","206","934","5238289294","3420876750","64","63","135","1:28 PM"
"Neala","191","631","2484524617","1919688501","65","72","126","11:51 AM"
"Vanna","113","991","2458458130","6227989983","66","67","187","2:10 AM"
"Adair","178","735","5839817287","7067784778","67","19","107","7:29 PM"
"Chandra","157","639","7394361918","3274750972","68","88","184","9:29 PM"
"Jessy","463","661","3796690270","6288627976","69","75","179","2:26 PM"
"Abbott","495","908","8280894357","1449039642","70","73","125","12:54 AM"
"Hazel","418","738","3749614296","5651169679","71","85","146","9:38 AM"
"Ninetta","195","769","1064861091","1239548761","72","73","157","9:41 AM"
"Benedikt","402","968","5904543565","4862616429","73","56","140","8:20 AM"
"Lillis","146","880","8749375865","8929007570","74","57","140","9:33 AM"
"Shawnee","264","856","7603486599","6335752816","75","64","131","3:36 PM"
"Danielle","319","977","2269572181","0100193560","76","69","112","8:55 PM"
"Maddie","207","724","1079727957","1229572279","77","71","128","9:56 AM"
"Shari","408","612","0513756477","3858079200","78","37","200","12:50 AM"
"Larine","142","793","9638202572","5956384182","79","89","107","2:20 PM"
"Stearne","167","924","8633573245","0638927285","80","71","134","9:18 PM"
"Blakeley","249","885","0071307753","1837074585","81","66","107","10:19 PM"
"Jamie","165","717","8831748475","4584093059","82","60","185","3:40 AM"
"Dacey","380","835","1247966100","0125622023","83","48","198","2:13 AM"
"Saw","228","715","3457421080","8674030300","84","60","123","8:39 PM"
"Alfi","444","782","4467858431","9153983521","85","90","159","11:08 PM"
"Anselm","312","826","8781706642","0030038774","86","31","108","10:19 PM"
"Francoise","249","786","4388620793","3915263516","87","85","181","6:57 PM"
"Anselm","390","839","7647823744","9430401890","88","46","134","6:25 AM"
"Tiebold","218","884","2078203092","0557020751","89","62","179","9:59 PM"
"Annaliese","236","616","1184365776","0885000056","90","58","130","9:59 AM"
"Fredelia","322","810","4509546912","7858526677","91","46","189","5:01 AM"
"Zollie","154","617","0456700595","8342850986","92","88","189","6:45 PM"
"Herschel","288","626","1084467232","7455550626","93","82","150","11:43 AM"
"Karie","480","911","1365512444","8806662007","94","38","156","1:39 AM"
"Britt","176","606","4521273416","3890431917","95","56","137","9:43 AM"
"Joshia","366","699","9546874949","3007054788","96","77","166","7:08 AM"
"Florence","157","667","0905981243","0220765049","97","54","127","2:00 AM"
"Kiele","234","692","1620864193","1827145226","98","52","175","1:51 PM"
"Augusto","388","743","1532370938","9435415660","99","64","123","5:37 AM"
"Ann-marie","367","895","0222013788","2597410765","100","44","166","11:24 PM"
"Dame","383","870","8235973057","1107567912","101","57","160","4:20 AM"
"Rustin","391","755","5269486350","6173027453","102","79","125","2:43 PM"
"Yasmeen","485","756","8671637840","3423435550","103","54","145","6:58 AM"
"Maybelle","460","711","0306813866","7670412402","104","68","169","1:20 AM"
"Nickolaus","252","969","0944950493","6555760818","105","65","153","8:15 AM"
"Tami","261","807","5791313780","3141844445","106","83","174","11:21 AM"
"Evyn","473","872","2569856193","8643483877","107","24","194","5:17 AM"
"Wernher","348","891","4953259602","4281252770","108","45","192","3:04 PM"
"Hilliary","246","615","0548384266","7552357924","109","86","165","7:06 AM"
"Sonnnie","138","876","4853327479","3208064810","110","60","194","10:03 PM"
"Dagny","351","701","6441763613","7820880511","111","80","105","4:40 AM"
"Suzanne","305","897","8070406704","9170929599","112","62","122","10:03 AM"
"Barb","130","670","5142916352","5753947662","113","29","178","9:48 PM"
"Tadeas","274","730","8121509327","1855351811","114","87","194","11:47 AM"
"Arabelle","474","940","3477252993","6963808309","115","17","149","3:39 PM"
"Carley","288","979","6837061763","2902594771","116","56","111","11:20 PM"
"Teodora","135","776","7142299266","3942796813","117","83","168","3:29 PM"
"Lorraine","188","915","5882347661","1414768265","118","28","157","2:29 AM"
"Price","263","807","1478526556","7818082522","119","12","173","6:00 AM"
"Pyotr","442","654","3631196555","6673998814","120","32","104","10:43 PM"
"Glori","172","904","6577538875","4086632063","121","79","133","9:11 PM"
"Gregor","443","997","9883681836","9540367859","122","31","181","1:10 AM"
"Della","352","760","6637617717","3065452820","123","12","178","7:04 PM"
"Pall","476","833","9973516001","7802243750","124","77","185","9:27 AM"
"Tyler","436","992","7843105417","8638881967","125","55","105","5:15 PM"
"Arleen","145","877","5727287812","8542601130","126","30","107","2:21 AM"
"Jere","196","623","9846828020","2640681133","127","73","114","4:31 PM"
"Evelyn","305","809","2996086082","2221442741","128","18","190","12:46 PM"
"Bendicty","443","870","7426555445","7202141582","129","88","141","4:37 PM"
"Annora","450","778","1152506323","9154440009","130","86","180","12:27 AM"
"Elfrieda","441","719","4364899089","6399953960","131","17","184","12:19 AM"
"Kelwin","308","791","6136646307","7830219923","132","29","175","12:24 AM"
"Abbott","175","925","0911917780","0810862344","133","21","174","10:00 AM"
"Silvan","106","843","0076475565","5919887834","134","43","184","7:57 PM"
"Dael","216","805","7443427069","2624000194","135","41","179","5:55 AM"
"Sallyanne","172","898","0650117247","3511181518","136","18","115","12:48 AM"
"Hanson","192","626","5681539709","6844630859","137","64","114","11:45 AM"
"Jordan","257","891","8177112651","1625708645","138","57","109","1:05 AM"
"Vida","463","993","0317159127","3787006672","139","73","168","8:51 PM"
"Ann","419","627","8476033060","8028566669","140","34","160","2:34 PM"
"Nollie","190","934","5322970002","7717593513","141","57","130","9:00 PM"
"Moritz","147","703","8031598525","6608146132","142","70","150","3:24 PM"
"Bartholomeus","310","745","3452635368","9220755122","143","72","126","7:34 AM"
"Doug","371","804","2248622481","7429276822","144","15","103","9:52 AM"
"Barney","165","856","5886311475","4312934452","145","41","116","12:00 AM"
"Debor","357","790","5493256797","4951384027","146","65","186","12:07 PM"
"Yelena","363","698","0250292912","1011567741","147","53","116","12:55 AM"
"Lilian","298","872","2081472848","8528136116","148","52","105","7:21 AM"
"Bevon","429","994","6575553850","8791926831","149","68","136","12:20 PM"
"Howie","321","811","3890151833","7885723003","150","56","141","12:09 AM"
"Humbert","449","937","0492851921","2325962113","151","20","153","12:34 PM"
"Miles","318","795","8229368473","0916748669","152","57","154","10:11 AM"
"Ranee","162","657","6645837828","4435159686","153","34","149","12:12 AM"
"Anett","159","645","5887922826","8903331753","154","47","114","2:36 PM"
"Matilde","117","805","5201392253","9585533014","155","54","200","2:16 AM"
"Phylis","440","895","7630848145","7971513054","156","88","183","7:23 AM"
"Morlee","434","690","0178700436","0599742879","157","62","107","2:46 PM"
"Sumner","163","946","4038532739","1903927552","158","46","178","9:45 AM"
"Carola","233","870","9398584301","1701236672","159","50","155","3:24 PM"
"Tilda","165","796","3126996981","7218825443","160","27","197","3:10 AM"
"Luelle","495","629","5979922997","8814586632","161","90","185","11:41 PM"
"Angelique","214","770","2195840064","7559324258","162","72","170","8:30 AM"
"Zelig","209","947","7204331958","7765636251","163","78","181","6:07 AM"
"Dell","395","805","1511499575","5086592658","164","48","153","1:38 AM"
"Vergil","106","898","8177226967","4807023918","165","32","148","4:36 AM"
"Tarrah","158","741","6958151925","8119604989","166","47","199","4:25 PM"
"Clay","426","632","6003973927","3676255216","167","82","149","8:24 AM"
"Haley","346","853","3020856019","4135535135","168","74","125","6:30 AM"
"Noella","456","910","6297913382","7160452240","169","84","182","3:02 PM"
"Allistir","480","839","6954700932","5884910800","170","43","163","5:37 PM"
"Chip","289","654","7961415920","7313856504","171","32","103","8:41 PM"
"Alfreda","267","876","3900558396","8619947168","172","54","167","10:25 PM"
"Kalina","365","930","9240725067","0772534551","173","55","147","6:07 PM"
"Minna","367","706","1889004987","3005968081","174","64","196","7:27 PM"
"Riva","169","889","3777662844","1551521466","175","37","165","8:47 AM"
"Isidore","254","838","0519532155","3572887046","176","44","113","2:27 PM"
"Reube","285","947","8752624277","0034571019","177","40","138","1:59 AM"
"Austine","426","613","5096466825","7315939881","178","24","134","8:18 AM"
"Milena","487","615","8564516659","6378595070","179","47","147","8:51 AM"
"Hieronymus","487","662","4659091961","5763422430","180","17","129","1:14 AM"
"Dun","160","922","0905223268","0956064299","181","19","116","4:08 PM"
"Gretel","459","665","3197923480","7110231844","182","29","194","3:18 AM"
"Brietta","466","795","3124109929","8099117808","183","79","118","8:50 PM"
"Tiphani","170","620","3274705721","6242031450","184","57","154","9:17 PM"
"Kirsteni","360","675","5377043715","7917931633","185","10","192","11:13 PM"
"Quinta","295","934","3598033893","5760695525","186","44","183","7:52 PM"
"Guinna","426","694","9888654322","1245451057","187","75","128","4:30 PM"
"Kissee","218","619","5538031365","4008674896","188","44","173","6:53 AM"
"Franchot","195","833","1968558616","4168714365","189","72","101","2:22 AM"
"Jeff","414","785","0133129942","3374615104","190","50","123","9:55 AM"
"Petey","297","865","9095465209","7095249245","191","75","190","4:22 AM"
"Pen","471","844","5531094590","4683503468","192","20","176","4:40 AM"
"Pennie","138","877","7371810163","0224395637","193","48","105","11:29 AM"
"Corny","417","964","8237302540","7548894023","194","32","100","2:00 PM"
"Jamil","445","692","4584880905","1253829969","195","64","122","3:00 PM"
"Jacquie","379","681","3032736560","1023826038","196","50","147","5:24 AM"
"Sigvard","277","957","6109386243","2201446571","197","33","101","8:16 AM"
"Jeffry","254","993","5508558969","2954521066","198","30","151","1:27 AM"
"Kilian","129","960","9691584182","3563833141","199","73","167","7:44 AM"
"Gratiana","489","697","1197889493","8856671352","200","83","116","3:11 AM"
"Beverly","427","702","1117431983","6855558496","201","12","120","6:15 PM"
"Kym","227","624","4680172932","2684855323","202","74","140","10:38 AM"
"Alexi","134","971","6316338619","0254597246","203","72","125","9:14 PM"
"Vachel","455","714","8689447237","7873914151","204","32","141","6:06 AM"
"Mel","419","974","7095317127","6106322791","205","21","197","11:12 AM"
"Derward","426","780","8944649677","3245900864","206","43","143","8:37 AM"
"Hilliary","134","759","9228609214","9714629918","207","31","132","3:25 AM"
"Katrina","475","951","1474607403","8172436742","208","86","157","6:02 AM"
"Rosalie","237","795","9614595779","5396712546","209","75","180","4:43 PM"
"Caldwell","405","633","6305561141","3223828222","210","81","191","2:34 PM"
"Mil","351","987","6577213275","7810642731","211","50","166","3:00 PM"
"Kalila","176","861","9846807414","6733116847","212","51","187","7:04 PM"
"Betti","321","983","7668342966","8485550757","213","83","157","4:57 PM"
"Roosevelt","355","914","1257862669","3850494322","214","21","171","2:56 AM"
"Hally","279","614","4847662628","2565108419","215","61","103","9:04 AM"
"Andie","172","862","4341322672","7117323426","216","19","102","11:43 AM"
"Merridie","314","898","8024036762","8974563592","217","69","107","3:55 AM"
"Roma","409","725","1907682082","9128998456","218","73","120","6:53 PM"
"Cosme","278","746","9397899317","4645819372","219","33","101","1:48 AM"
"Allsun","272","958","8795275312","0749484705","220","71","162","4:39 AM"
"Bronnie","214","794","7453502888","5318777929","221","28","171","2:25 PM"
"Tandi","478","852","9511896873","7818726659","222","70","186","4:29 AM"
"Shelba","433","753","2980783358","0210720484","223","12","107","5:25 PM"
"Killie","467","665","0808425536","4785614935","224","57","159","7:50 PM"
"Percy","292","621","6956387905","6232776461","225","38","157","3:41 AM"
"Noelle","193","874","9376826744","1894517423","226","47","181","10:36 AM"
"Gauthier","111","965","6335921804","4559559155","227","25","117","9:49 PM"
"Dalton","214","874","5148202874","7814589487","228","43","124","5:29 PM"
"Libbi","145","606","4554583546","5170733801","229","60","132","7:02 PM"
"Ebenezer","266","744","5998634578","6316436319","230","51","190","11:45 AM"
"Jerrine","251","824","9440765984","0961324384","231","74","181","4:12 AM"
"Agnesse","333","773","0218645929","0234302321","232","73","134","2:57 PM"
"Ruthie","212","694","2111614378","6285068674","233","19","163","4:48 PM"
"Franky","152","910","1361086564","0134534158","234","55","173","10:04 AM"
"Harriot","220","681","5400855369","5108750404","235","76","117","9:55 PM"
"Charin","203","646","8237419642","8741033051","236","22","179","9:16 PM"
"Edgar","216","611","8546420947","5845542553","237","13","146","9:05 AM"
"Vassily","420","964","5614366253","6949638884","238","67","185","3:44 AM"
"Vlad","330","635","0409990833","4271042250","239","73","106","2:42 AM"
"Solomon","106","950","9563978374","9237968981","240","65","168","6:20 AM"
"Gizela","370","796","5755231230","2638767654","241","47","150","3:47 AM"
"Shandra","354","810","0559448171","0713077751","242","81","108","2:50 PM"
"Lura","102","899","5137010006","8659893654","243","81","137","2:02 PM"
"Maryanna","104","605","0791339777","5353590856","244","83","176","6:55 PM"
"Bruis","286","879","8114257393","3287801902","245","26","190","1:30 PM"
"Gan","285","841","6854985625","0453805280","246","15","106","6:55 AM"
"Valery","351","694","4938836041","7092384540","247","86","103","4:18 PM"
"Mason","326","779","8908408436","2836502215","248","26","197","5:18 AM"
"Millicent","422","864","5894194334","4348338086","249","33","177","2:23 PM"
"Roderic","219","741","2813353566","0947539522","250","71","121","2:57 PM"
"Lynette","158","647","7668657797","0029497701","251","73","186","2:49 PM"
"Luca","354","808","4937267493","8301699051","252","12","198","5:31 PM"
"Cortney","333","906","4791644506","9981940283","253","45","153","7:16 PM"
"Jesse","372","787","2551931118","8594158068","254","75","159","4:43 PM"
"Madeline","470","934","3673141279","2209353971","255","15","155","9:14 PM"
"Goldie","332","952","6766164433","1609549864","256","13","111","12:18 PM"
"Cliff","317","687","2205358502","1949977226","257","39","131","3:07 AM"
"Alvira","347","804","7470058478","6810378723","258","27","128","10:50 AM"
"Meriel","293","872","3750217270","5667750759","259","17","182","11:07 PM"
"Dominica","416","946","6985698123","8858904397","260","63","126","10:39 AM"
"Eb","177","824","8250136098","6164162629","261","73","102","9:24 AM"
"Meryl","337","782","0735706263","7109230910","262","26","104","4:44 PM"
"Hilary","152","745","5476437673","7537877041","263","55","169","12:58 PM"
"Jennica","236","935","6404634708","2502493447","264","33","155","9:25 PM"
"Morgana","413","901","2675288713","3504972947","265","51","133","4:20 PM"
"Camellia","480","899","2550478959","2879515726","266","34","164","1:46 PM"
"Daloris","133","665","4268228373","1533714851","267","32","104","5:11 AM"
"Carmelita","133","630","1448554802","0215831667","268","68","155","3:51 PM"
"Anatola","340","610","9730608490","8930448402","269","12","104","6:11 PM"
"Rock","219","946","5097026144","9121636850","270","52","183","2:39 AM"
"Ginevra","174","640","8449099757","3982381479","271","86","177","1:31 AM"
"Willis","217","792","5769429933","1014239672","272","25","184","10:24 AM"
"Daffy","428","940","3093713749","5340084507","273","73","110","12:36 AM"
"Abbey","148","832","3137736358","2539618030","274","30","161","11:26 AM"
"Edsel","336","673","4002068722","2435212356","275","72","179","10:46 PM"
"Dougie","400","630","9856558921","5184583408","276","32","137","9:33 PM"
"Mead","460","691","3985899037","9609645763","277","28","179","3:29 AM"
"Carny","308","680","1425246818","6647098593","278","56","158","12:02 PM"
"Braden","437","951","7278744709","5919866543","279","47","142","8:14 AM"
"Enriqueta","144","913","6499474304","6409709102","280","61","146","9:07 PM"
"Dianne","491","649","7516103616","3778023179","281","20","150","10:21 AM"
"Barbara","354","744","0074588818","9674545255","282","86","143","2:01 PM"
"Ulrica","336","863","1425899560","7012390107","283","36","130","1:10 PM"
"Arel","444","941","9170008132","0300943687","284","48","159","6:36 PM"
"Amalita","240","789","8817267384","7586176531","285","71","144","6:17 PM"
"Marni","353","743","0329105302","9999329225","286","42","135","9:54 PM"
"Siusan","216","933","6753880046","1933373857","287","41","144","3:43 AM"
"Dionisio","319","845","0256846111","8480372621","288","58","178","8:41 PM"
"Cathee","260","953","0688362540","1790825768","289","70","195","5:46 PM"
"Evan","318","954","1991330707","7313795939","290","51","187","3:54 PM"
"Artus","367","717","8177791958","5619207420","291","77","118","8:22 PM"
"Nadiya","264","664","9389713595","0701919892","292","21","143","2:28 PM"
"Heddie","471","656","8233427497","7138262574","293","79","120","9:36 PM"
"Sybyl","198","975","5071200597","7710679021","294","40","186","3:51 PM"
"Julianne","483","733","4842192151","9465985309","295","36","125","3:24 PM"
"Bartolemo","271","893","3006359070","1893878090","296","28","194","11:15 PM"
"Malorie","445","728","3230829786","5066539360","297","54","170","12:40 PM"
"Willabella","252","750","5634459915","1315967022","298","82","180","1:17 PM"
"Melli","206","933","0949322490","7154451947","299","69","148","9:26 AM"
"Collin","241","667","7099147935","2513154282","300","74","200","7:52 AM"
"Evita","458","911","3377554319","5824860564","301","20","167","7:42 AM"
"Zarla","315","966","7409665025","8643612367","302","51","112","5:11 AM"
"Florry","232","921","1450972284","4918099130","303","18","111","3:40 PM"
"Elisabetta","468","677","8095267473","2728270627","304","69","117","10:04 PM"
"Zena","369","1000","2507020202","0142534978","305","70","189","9:17 AM"
"Cointon","196","622","7555704471","5670020405","306","77","128","12:03 PM"
"Leanora","240","954","9925269539","1450823467","307","58","134","10:49 PM"
"Maegan","298","724","2806432502","2144541477","308","37","167","6:56 AM"
"Conroy","246","749","1861743955","6944949946","309","76","182","12:22 PM"
"Teodoor","213","727","9992580119","4921608008","310","41","117","8:36 AM"
"Elsi","342","685","5164994399","9139814084","311","53","121","2:41 AM"
"Jennilee","155","687","4544574641","1636234658","312","52","140","6:47 PM"
"Margaretha","236","957","7751692294","7847133881","313","48","102","9:14 PM"
"Willem","113","839","7612515245","0717288684","314","28","113","5:42 PM"
"Vin","123","656","7855661743","8108489008","315","67","102","4:26 PM"
"Alta","219","822","2686091975","9742756988","316","54","188","9:25 AM"
"Nichol","305","609","6518312866","8521064934","317","40","147","10:34 PM"
"Solly","482","814","7315583351","0440650909","318","60","120","7:01 PM"
"Renato","394","955","6089994057","2431993728","319","69","194","7:08 AM"
"Sonny","146","907","4483378481","7891717133","320","76","159","7:47 PM"
"Nomi","391","931","3887889649","7193264931","321","47","119","9:03 AM"
"Ariana","449","837","7528620262","3716290483","322","65","127","3:16 AM"
"Lorrin","120","986","3265963837","3883181609","323","41","167","8:48 PM"
"Jarred","245","915","2505082855","9858960212","324","17","122","4:02 AM"
"Friederike","257","634","5233140918","0480750440","325","49","200","4:51 PM"
"Rafael","112","785","1062405560","6163530209","326","62","190","3:43 PM"
"Peder","387","832","7083635692","9802029416","327","42","145","12:06 AM"
"Ronica","408","709","3745965345","2088640606","328","61","122","7:29 PM"
"Eldon","394","749","2604568489","7131411191","329","90","185","12:15 PM"
"Nonnah","351","604","8847764343","5779303983","330","81","136","11:39 AM"
"Boycie","118","937","1355775884","2623729638","331","38","173","11:43 AM"
"Lauree","290","982","3888480515","9252637931","332","40","173","7:23 PM"
"Trude","199","980","3801186032","5164548097","333","53","127","7:16 PM"
"Ferne","305","912","2278186019","1155482409","334","36","148","4:50 AM"
"Ari","423","603","6505861335","8856141884","335","78","123","8:30 AM"
"Sabina","386","654","8924467204","1633298582","336","69","118","5:53 PM"
"Rubetta","415","898","4651079946","0490209939","337","24","110","4:26 AM"
"Benedicto","220","969","8909542586","4012699601","338","72","158","1:44 PM"
"Brandi","187","693","0756072824","8522724555","339","23","112","3:58 PM"
"Iseabal","174","720","7770719666","5287428871","340","30","188","11:57 PM"
"Beverlee","450","835","2633779360","0573101329","341","51","196","3:23 AM"
"Connor","285","813","5299772742","0771653816","342","86","129","5:10 PM"
"Bethina","124","993","7092015073","9915360444","343","22","129","12:37 AM"
"Harriot","444","644","1429647698","3797268092","344","22","152","2:36 PM"
"Wittie","372","992","2830781066","0344833771","345","56","148","10:50 PM"
"Ginger","499","702","9658780067","5015697252","346","11","167","6:54 AM"
"Kathrine","194","609","6925101015","4113662894","347","10","142","8:00 PM"
"Louella","490","902","6499008281","2022497589","348","82","129","6:41 AM"
"Erika","127","626","8860476615","5830036436","349","46","198","5:35 PM"
"Ingram","300","808","2607585120","0681401672","350","82","150","8:37 AM"
"Viola","197","955","7388270264","2980210072","351","39","114","11:39 PM"
"Hillery","129","616","1701752395","4852641102","352","55","119","6:47 PM"
"Tommy","102","994","1331776767","5099691080","353","87","195","10:50 PM"
"Powell","340","793","9599985397","5655509970","354","80","182","8:05 AM"
"Morton","323","725","8025905705","3046727844","355","65","188","12:02 PM"
"Christan","416","608","6347577062","4491938954","356","62","165","12:10 AM"
"Gordon","483","795","2523864428","3251822632","357","71","195","3:13 PM"
"Madge","369","925","4534727534","9205584932","358","70","196","10:04 PM"
"Parry","287","821","3772723594","1270129643","359","82","168","7:25 PM"
"Grover","155","812","3794668111","8832804344","360","88","159","6:07 AM"
"Babbette","428","626","4330494876","3192122129","361","77","191","1:32 AM"
"Katusha","287","913","8705663466","2846946272","362","31","179","3:19 PM"
"Sax","296","790","8221301191","3335366042","363","36","176","8:27 AM"
"Codi","466","996","5756772952","9820332893","364","32","183","10:04 PM"
"Petrina","401","800","2529064687","0530050803","365","23","124","10:47 AM"
"Freeman","187","959","1452208093","6294429927","366","24","162","6:25 PM"
"Alejoa","139","732","0352031832","3235381066","367","53","130","8:00 PM"
"Jehanna","361","936","7760495331","4278485115","368","59","111","10:45 PM"
"Delinda","104","778","7050438006","1945317493","369","74","118","9:03 AM"
"Nani","453","747","3057041477","4013487446","370","81","183","2:36 AM"
"Marybelle","466","757","6219095502","0636176932","371","45","174","6:34 AM"
"Standford","198","644","4830483679","8465847096","372","23","157","9:37 AM"
"Cacilia","152","685","7038246178","5531733763","373","86","105","9:36 AM"
"Colin","157","742","6568382965","8782682631","374","59","180","7:50 AM"
"Aldon","200","955","8096686178","0335981933","375","42","115","8:03 AM"
"Torrin","476","758","4873115973","9160526084","376","76","192","9:32 PM"
"Florrie","205","710","4852173605","8242318379","377","77","109","1:57 AM"
"Terese","232","694","3556186578","3590354755","378","79","157","6:06 AM"
"Maybelle","305","831","7697991357","4981912617","379","33","197","5:54 AM"
"Tan","406","937","1772228605","3066898997","380","38","171","9:21 PM"
"Jacquette","315","724","4668141003","6284044895","381","38","189","9:23 PM"
"Gabriell","405","755","9772989441","5127284324","382","83","113","8:39 PM"
"Claude","328","920","9280459821","0036409510","383","82","166","11:01 PM"
"Gradeigh","365","910","8073786869","1059419629","384","29","188","10:53 PM"
"Eula","351","663","5685180837","7849187369","385","50","121","8:20 PM"
"Corty","233","798","2485781303","9051388764","386","45","157","2:14 PM"
"Aile","482","647","4503611631","3705709739","387","76","109","10:46 AM"
"Berkly","466","680","3602953262","5296229134","388","28","121","10:02 PM"
"Susana","439","889","2542877904","6461856064","389","18","187","11:00 PM"
"Parker","172","865","0293623058","7830419868","390","23","147","12:32 PM"
"Abran","301","631","9337654571","4386959440","391","77","129","10:27 PM"
"Madella","153","849","4253335012","7815609619","392","10","172","7:13 PM"
"Otis","139","774","2915728771","1466098651","393","44","193","5:01 AM"
"Neysa","137","619","8458810549","7560397654","394","85","187","3:36 PM"
"Javier","211","832","5043686138","1563875004","395","61","175","8:15 AM"
"Ruddie","399","851","6616160262","2816414493","396","39","197","10:41 PM"
"Hyatt","191","661","0148779689","3100066030","397","15","156","2:53 AM"
"Blondell","494","886","1755758529","6621007493","398","10","195","11:37 AM"
"Cherri","205","793","2429143100","5091021531","399","36","178","2:07 PM"
"Sidonnie","367","978","6926456917","8380784766","400","76","134","3:04 PM"
"Michele","111","869","3469277397","4576651730","401","38","118","4:15 AM"
"Suzi","412","842","3097095667","6054099302","402","57","198","7:51 AM"
"Carolina","159","793","2236890044","1337467413","403","65","101","7:16 PM"
"Bobbee","333","756","3706104695","6125008452","404","71","190","11:34 PM"
"Frederigo","476","843","5307664885","4164605677","405","74","155","8:53 AM"
"Lelah","176","630","5083146622","4724787546","406","68","127","1:30 PM"
"Rand","330","961","5553424097","9931602333","407","18","169","3:55 AM"
"Kasper","147","702","3411314834","5439688560","408","27","195","10:52 PM"
"Willa","268","994","9281022508","1030300852","409","31","141","1:55 AM"
"Florina","265","949","8593594670","2878908309","410","55","157","9:06 PM"
"Bearnard","453","966","1592113125","2583103709","411","34","169","11:46 AM"
"Cullan","433","768","2719057940","6917111147","412","73","134","6:11 AM"
"Agnesse","223","930","5877068644","5935112116","413","81","145","9:19 PM"
"Darcy","312","924","2597260771","6116456685","414","85","135","3:51 AM"
"Anni","407","677","5863870923","8801200730","415","16","150","2:48 AM"
"Lauren","182","868","7982705685","7741679759","416","49","142","4:43 PM"
"Boniface","289","756","6086053448","1953259596","417","24","116","7:45 AM"
"Zebulen","239","860","6920805162","3580344781","418","64","138","3:21 PM"
"Wallache","250","656","3387833369","2437719490","419","70","165","12:20 AM"
"Crissie","159","956","9152587304","9905815244","420","33","140","9:04 AM"
"Whitman","133","707","3582754154","5592139896","421","65","130","6:40 AM"
"Warden","282","980","7213654942","3346090361","422","54","131","4:19 AM"
"Lauree","336","713","9605497212","7055914663","423","80","125","7:46 AM"
"Keeley","150","882","5838314613","3241493814","424","43","164","7:30 AM"
"Dewain","238","786","6892970613","3607104581","425","12","156","7:45 PM"
"Merrielle","427","618","2094410951","5393192517","426","45","185","12:45 PM"
"Dugald","228","688","4379907651","0852157762","427","73","117","6:44 PM"
"Sybille","118","681","4212039516","6588746865","428","82","131","5:48 AM"
"Darleen","272","683","2450582266","3006586344","429","78","110","7:46 AM"
"Mae","280","630","7148934419","0341579114","430","10","132","11:11 PM"
"Tallou","294","721","1660039886","0845739387","431","37","118","11:06 PM"
"Brendin","247","791","6052100265","6374817826","432","38","194","11:46 AM"
"Simona","130","788","3626677125","8068814353","433","72","146","5:50 AM"
"Dar","435","833","4889056297","9732181222","434","10","142","5:51 AM"
"Howey","480","985","9904470146","9911416208","435","45","129","6:23 AM"
"Joletta","118","881","5384073985","5953241178","436","31","111","5:28 AM"
"Augustus","454","782","7630132204","8569613768","437","57","159","4:30 AM"
"Janka","292","626","8163435062","1596497394","438","58","153","8:04 AM"
"Daile","425","765","6065859877","8188600687","439","59","168","11:01 PM"
"Valencia","213","776","9621174236","5297359392","440","47","190","10:02 AM"
"Keary","117","732","8378690008","6755537284","441","49","162","11:38 AM"
"Claribel","176","674","8433153285","3161148665","442","22","112","5:27 PM"
"Ardith","341","937","5185925795","8398650222","443","55","148","3:06 PM"
"Erich","360","700","3260526668","9548691566","444","55","200","9:28 PM"
"Hildegarde","131","769","0545451280","3744164675","445","47","167","8:15 PM"
"Gerry","421","740","7510873185","0612938085","446","85","113","1:39 PM"
"Chiquia","326","885","3276652927","4936919241","447","23","191","6:00 AM"
"Clareta","339","696","7992050924","9284516536","448","58","148","6:31 AM"
"Kristyn","101","783","0593914805","8944730504","449","83","200","7:34 PM"
"Stacia","329","713","8963922359","3256858899","450","41","150","1:53 PM"
"Timmie","252","920","6651997122","8224350053","451","62","128","5:32 AM"
"Wilfrid","423","978","3910324371","0986755850","452","21","145","3:42 PM"
"Ethelred","179","751","1256385999","8096110063","453","18","109","12:11 AM"
"Nigel","399","692","0457729996","2812670126","454","63","140","2:57 PM"
"Pennie","181","763","7115012318","3339505934","455","25","183","9:24 PM"
"Kaleb","208","677","2654547035","8136693404","456","24","126","10:16 AM"
"Olivette","332","866","7612801353","6314443954","457","29","146","5:51 AM"
"Rafaelia","388","910","5769827890","9543253552","458","66","171","7:32 PM"
"Tobie","426","636","6052362065","1016729286","459","45","179","5:56 PM"
"Preston","431","700","7546681197","1138026492","460","63","180","6:00 PM"
"Cassandry","143","642","3351781938","9186880977","461","54","182","12:58 AM"
"Bell","333","630","9178657474","0144227789","462","33","175","4:56 AM"
"Orin","122","639","5503473469","2516406630","463","47","104","6:27 AM"
"Imogene","307","904","2292453789","0141346221","464","89","182","7:22 PM"
"Angele","305","794","5649815623","8482750194","465","53","122","6:41 PM"
"Vyky","418","880","9973673654","1950612406","466","65","136","10:48 AM"
"Merwin","353","637","4156889629","9365861020","467","28","134","10:54 AM"
"Ainsley","284","777","5435556155","3734925231","468","56","105","10:27 AM"
"Rivi","159","912","5035029743","8781166494","469","76","174","12:08 PM"
"Juliane","399","756","9469963946","0567167348","470","75","105","6:58 PM"
"Ann","190","776","9322646128","5908016535","471","18","179","12:22 PM"
"Justin","356","685","9613983155","7098955493","472","35","163","12:30 AM"
"Meredith","445","656","4244462643","4400211584","473","80","118","11:48 AM"
"Marin","165","930","8250124200","0139862676","474","18","177","6:09 AM"
"Byrle","139","783","5209554368","8563739093","475","73","146","8:49 AM"
"Deidre","167","776","5205967803","4631659254","476","38","141","2:58 AM"
"Adella","172","806","5636150857","2529992010","477","24","146","5:35 PM"
"Currey","369","718","4078101305","1630829013","478","10","184","6:25 AM"
"Ronny","457","807","0036999717","3330636025","479","74","135","2:20 AM"
"Caterina","307","809","3159873420","6793368559","480","36","167","4:33 PM"
"Laura","177","673","4621950029","0314605444","481","21","193","9:01 PM"
"Marsha","268","789","2780368829","6932280280","482","69","111","1:21 AM"
"Vivienne","483","788","2573212378","7792332411","483","75","111","4:20 PM"
"Cassius","215","879","2385525410","6362471121","484","22","121","2:50 AM"
"Gail","263","748","6959122171","9074753108","485","37","198","4:35 AM"
"Kylen","200","771","0086482025","2538667992","486","81","125","5:58 AM"
"Michaelina","419","755","1924821109","5565488893","487","19","118","10:46 PM"
"Miquela","374","826","5315321290","9709018272","488","81","101","2:57 AM"
"Dallas","367","719","8804391642","8808960811","489","11","130","6:48 AM"
"Emilie","189","905","1611206057","1654783935","490","53","195","12:20 AM"
"Esme","283","602","4449845757","8672525507","491","46","196","3:59 AM"
"Betta","140","930","5693189767","0851866409","492","87","167","2:11 PM"
"Julian","318","648","2738701248","5667188155","493","63","172","12:05 AM"
"Dannye","425","723","8471884682","5990696833","494","28","177","4:06 AM"
"Rickard","264","943","8722399275","8560663185","495","36","129","2:31 PM"
"Henrieta","463","770","6442061175","8690467807","496","69","130","10:38 AM"
"Kary","417","786","4654888209","1132748488","497","46","107","2:18 PM"
"Codi","411","637","0834484846","8304193787","498","20","199","10:59 PM"
"Bary","226","900","0630743053","3380592412","499","76","185","5:22 PM"
"Darn","436","752","8532557732","5073412346","500","14","111","9:05 AM"
"Jakob","224","795","7644066691","2996478355","501","16","194","4:25 AM"
"Gene","143","868","2318277621","5483935950","502","21","143","1:22 AM"
"Marta","500","839","2197410881","2267388235","503","89","153","4:44 PM"
"Berti","484","957","7247193212","0837220947","504","39","137","7:58 AM"
"Juliane","217","915","6873927384","1551154676","505","49","130","7:18 PM"
"Chevy","221","936","2754156291","3659296597","506","12","162","10:29 PM"
"Hanna","272","786","8361551492","6584640396","507","47","112","8:54 PM"
"Baxter","151","966","0935715924","5314823713","508","77","138","7:23 AM"
"Yettie","227","860","2108173714","6218412083","509","34","141","5:11 AM"
"Avie","439","619","6457444709","9944473936","510","73","142","4:51 PM"
"Giusto","393","981","8841379146","4021302433","511","41","175","12:28 PM"
"Brooke","220","663","5594624090","9034950794","512","44","118","4:18 PM"
"Selie","225","702","0335300472","9757394688","513","76","176","2:18 AM"
"Jaquelyn","199","990","4707944353","9962194326","514","39","178","7:38 AM"
"Currey","414","801","1585612901","9218061062","515","18","147","8:41 AM"
"Tedd","280","841","2234967570","7762303936","516","67","146","9:16 AM"
"Nikki","244","644","3804829309","8473720466","517","36","147","5:48 PM"
"Rufe","402","930","5321416656","9104520076","518","54","164","2:13 AM"
"Thelma","321","792","8254253633","9357102078","519","11","155","1:07 AM"
"Perri","111","664","1119648726","5810968775","520","61","110","5:53 PM"
"Colin","444","712","5349769197","9464666757","521","82","167","9:40 PM"
"Gwynne","416","838","0376042273","1158526385","522","87","132","12:27 AM"
"Igor","302","925","3170862065","9112222143","523","63","134","12:14 AM"
"Boote","160","976","0851969283","2977932097","524","48","112","4:06 PM"
"Marinna","259","939","3263683225","8416152632","525","82","117","6:24 AM"
"Brad","200","944","5587925927","3032240700","526","87","120","12:17 PM"
"Arlee","188","941","5366291860","4230275234","527","89","140","10:00 AM"
"Leland","294","845","2315154243","4227061741","528","88","120","1:33 AM"
"Elvera","335","706","1724462423","8518252725","529","17","174","8:15 AM"
"Zitella","271","971","7711963769","2352699347","530","19","186","4:33 AM"
"Hortense","260","733","3044186196","1231257156","531","61","158","9:07 PM"
"Minerva","374","625","3272002723","7153525971","532","55","171","3:15 PM"
"Beatrix","177","940","1013772407","8139115266","533","69","183","2:38 PM"
"Randy","261","902","4884645243","5492805053","534","70","193","8:58 PM"
"Lucila","244","757","9199453258","6936119204","535","50","117","10:29 AM"
"Clint","113","817","2135576972","5360246448","536","82","115","4:21 AM"
"Mirabelle","210","911","3232752926","1285919211","537","83","146","5:13 AM"
"Colly","319","762","6095644496","6753824618","538","55","115","4:36 PM"
"Gaynor","228","930","1738723976","4525774452","539","13","185","7:21 AM"
"Maxi","151","877","0342027085","4884803957","540","64","142","11:23 PM"
"Kittie","398","659","4248106213","7978642496","541","33","161","1:35 PM"
"Sadella","374","655","7228267702","2235756387","542","36","127","4:30 PM"
"Hunfredo","113","639","4816719237","2319821287","543","90","146","1:22 PM"
"Patty","396","899","6433037917","1121082521","544","40","105","1:25 PM"
"Sib","437","647","1171023219","4451569826","545","80","142","1:30 PM"
"Merwin","225","737","5549986906","6549395569","546","44","116","4:12 PM"
"Cherish","355","724","0935239049","8230089612","547","78","196","11:40 PM"
"Hertha","112","657","3561570240","4316547755","548","13","136","2:59 PM"
"Lottie","408","903","0208747966","0748771956","549","54","166","3:37 PM"
"Raphael","409","953","0631196595","5345283761","550","84","135","10:11 AM"
"Pia","293","925","2827851326","1771371846","551","71","146","8:51 AM"
"Giralda","171","985","9072789164","3162035686","552","32","198","3:02 PM"
"Leia","391","956","3446351574","7502766596","553","24","124","3:28 PM"
"Leon","406","636","8270446408","1811228569","554","35","167","9:35 AM"
"Conrad","264","708","6795179850","4268465065","555","43","140","7:47 PM"
"Bent","134","948","3494804095","8069462744","556","38","195","6:37 PM"
"Marthena","375","860","0630301476","6573034287","557","55","166","4:21 PM"
"Cathyleen","320","710","1226170242","3012669418","558","29","115","9:42 PM"
"Vina","469","847","3312513626","0845415980","559","26","127","11:07 AM"
"Giordano","222","874","7458316160","1317106865","560","14","119","1:29 PM"
"Melesa","340","688","9453836613","5949097726","561","26","128","11:22 AM"
"Fabian","187","619","2438426365","3872029231","562","81","101","8:34 AM"
"Channa","327","915","8030355726","0488208025","563","13","178","1:21 PM"
"Wanda","327","898","5086363098","6432798507","564","15","124","2:19 AM"
"Wylma","164","900","5219120077","8820577569","565","72","111","9:20 AM"
"Jacynth","437","854","3525110480","7887665078","566","11","107","2:41 PM"
"Oby","326","905","0386214697","6203901881","567","73","108","9:56 PM"
"Donavon","138","808","7104274529","9540883687","568","81","158","11:50 PM"
"Richardo","280","710","5033474138","8078259719","569","86","103","1:07 PM"
"Kakalina","227","843","7289867157","3248999306","570","89","191","6:35 AM"
"Jessica","371","885","9777961561","7005581016","571","71","144","11:54 AM"
"Erhard","258","726","0565600664","7116897364","572","79","107","4:54 PM"
"Juana","397","835","9626547324","9903671202","573","58","138","9:46 PM"
"Eldridge","243","997","5763107136","5587249999","574","76","160","2:19 AM"
"Giustino","223","683","1947782304","3657252533","575","54","187","5:50 AM"
"Rosita","156","714","9425653623","8078477880","576","85","163","11:36 PM"
"Tod","378","831","0493247238","2299350586","577","90","127","12:13 PM"
"Ingrim","393","764","7383354311","5346163026","578","68","144","9:37 AM"
"Shanie","359","958","4536661700","9663980699","579","15","109","11:04 AM"
"Timi","500","911","7011975179","9289548754","580","67","153","4:10 PM"
"Greggory","113","653","3960544545","4460308304","581","44","159","7:56 AM"
"Elihu","341","688","6594544985","9055331244","582","75","192","1:23 PM"
"Dare","170","757","8699278756","2185648292","583","50","156","10:30 AM"
"Den","130","981","3103544251","3722137969","584","28","169","11:34 AM"
"Theressa","357","839","0794111386","5968376546","585","32","104","9:02 AM"
"Lorin","423","874","4720071023","3094465277","586","28","128","8:13 PM"
"Josy","430","792","4529074498","2718952164","587","29","197","8:11 AM"
"Chucho","168","962","4077101034","2866753429","588","71","112","12:42 AM"
"Jeanie","383","946","6106540330","5711943421","589","39","136","1:19 PM"
"Carr","463","997","5829168146","6809857206","590","70","194","3:47 AM"
"Dorella","232","824","1744060991","0369120957","591","75","150","5:07 PM"
"Hunt","211","826","5401425058","6001131260","592","12","130","8:32 PM"
"Meg","110","774","6410571186","4367742458","593","70","113","6:24 PM"
"Alvan","271","605","4956866542","4252529190","594","25","105","9:00 PM"
"Rozalin","205","687","9500812991","9247838614","595","35","109","7:58 AM"
"Kathleen","134","704","9552742110","5892804135","596","30","164","12:05 PM"
"Rorie","134","859","1064469485","4375537574","597","29","143","11:56 AM"
"Thorpe","396","656","0532450531","7436252836","598","25","116","6:08 PM"
"Walt","375","997","2007323605","7503926651","599","13","112","1:59 AM"
"Maryjo","210","901","2163354326","2314607147","600","37","195","1:29 AM"
"Aurora","244","855","7184228030","7884179989","601","53","129","11:45 PM"
"Patrizius","321","785","6801004603","2803637952","602","38","169","9:39 PM"
"Margie","445","976","3426741555","9510808857","603","20","122","5:29 PM"
"Nettie","125","816","4672322270","9851510084","604","57","188","3:29 PM"
"Chloette","353","892","3011884552","7379024787","605","20","195","9:28 AM"
"Fleurette","255","718","0539896780","7272036354","606","52","126","3:39 AM"
"Hubert","183","749","6427362186","4348022046","607","31","170","6:25 PM"
"Jenny","360","878","2623465320","6921518965","608","29","162","12:55 AM"
"Jamie","201","871","9379976615","8753586689","609","32","178","4:56 AM"
"Lind","373","841","1366687957","1145385702","610","84","134","12:01 PM"
"Candra","278","832","4699373593","5989211643","611","71","119","10:08 PM"
"Katharine","275","678","9174210939","7565294802","612","69","179","12:57 PM"
"Rici","132","610","6989800119","0636705331","613","40","190","12:06 AM"
"Viviene","439","623","6316532210","3225681237","614","39","162","4:43 PM"
"Claresta","211","809","2066399256","5075261825","615","86","120","12:38 PM"
"Marilee","264","969","8801952422","6168379894","616","89","133","4:31 AM"
"Terrie","255","785","5877627414","3697802216","617","24","109","6:50 PM"
"Ramona","498","620","5108475748","3905504642","618","56","190","8:41 AM"
"Randie","192","920","4410571087","7025856983","619","79","136","12:42 PM"
"Michaela","219","753","7292540414","2486810501","620","34","128","10:35 AM"
"Garold","239","925","5953808763","2014438943","621","44","131","12:19 AM"
"Gipsy","103","848","3520693674","3767147920","622","69","185","3:02 AM"
"Serge","264","728","8481589179","7564468602","623","88","118","7:22 PM"
"Clary","334","853","5431921185","9492425122","624","73","124","5:31 PM"
"Fifine","415","715","8343898915","0179912453","625","40","127","12:16 PM"
"Byram","307","691","3138438709","5243136808","626","87","155","8:01 AM"
"Colene","341","735","2713126177","4979259200","627","40","180","3:15 AM"
"Stanwood","341","766","0954484762","3208291647","628","30","122","1:22 PM"
"Isidro","200","896","2261635524","4554821463","629","63","100","10:47 AM"
"Annabelle","314","602","3020408555","3051091049","630","40","142","12:08 PM"
"Emili","258","666","9433338022","1013922255","631","76","117","7:43 PM"
"Nolly","146","653","7408504176","5886838139","632","39","147","4:31 PM"
"Patricio","438","612","1454288914","4738150170","633","56","146","11:57 AM"
"Mendel","232","830","5222529320","6627390299","634","17","178","8:38 PM"
"Brennan","236","792","1816693936","5879470784","635","69","200","6:39 PM"
"Rasla","239","772","7615144779","2977247416","636","38","175","6:45 AM"
"Brandais","203","845","3132958387","0149071469","637","28","106","7:35 AM"
"Ardyce","490","863","7922854706","4254395531","638","12","177","9:11 AM"
"Pietra","425","888","0928152863","8372869758","639","20","106","7:33 AM"
"Michaella","120","890","9048115353","3094306292","640","50","145","6:22 PM"
"Adelle","302","793","3650075083","6005806998","641","50","110","3:48 AM"
"Aron","244","842","2282118057","9957679082","642","71","122","2:24 PM"
"Taber","310","726","0695455796","1389005402","643","69","171","11:20 AM"
"Arabela","202","853","1115312499","9147860340","644","86","174","5:59 PM"
"Eve","305","643","8850237928","1845098315","645","76","199","11:43 AM"
"Keriann","391","826","4597876340","6648450886","646","56","108","9:53 PM"
"Xever","500","682","9465444510","7961545425","647","89","135","12:07 AM"
"Scarlett","347","863","7603632706","4216726941","648","87","152","11:42 AM"
"Adelaida","341","680","1978508220","5068489565","649","23","198","7:44 AM"
"Herrick","443","652","8777559231","7562850291","650","30","173","9:25 AM"
"Clint","195","647","1228380287","8722420657","651","78","177","12:26 PM"
"Anne-marie","279","765","4644324736","7976114921","652","64","181","2:18 AM"
"Randy","349","768","6895662871","9317362826","653","20","162","7:13 PM"
"Tracy","239","787","2064112065","3286040487","654","84","143","11:19 AM"
"Leicester","428","884","6743590762","2147856959","655","72","167","9:47 PM"
"Tucker","418","863","9976828268","1445746328","656","76","102","7:39 AM"
"Gordy","130","749","5078971076","9178666546","657","34","142","9:12 AM"
"Chaim","458","830","6133862238","3360770420","658","18","107","2:24 PM"
"Jerome","246","631","8221543594","9219824388","659","41","101","9:28 AM"
"Quill","185","731","0275717003","6603177099","660","12","198","5:02 PM"
"Kerrie","476","643","9208759008","7243413528","661","45","148","10:41 AM"
"Lezlie","220","1000","3127803745","1555738710","662","62","181","3:05 PM"
"Cheston","416","981","8227538479","2423994184","663","40","188","11:09 AM"
"Jeffry","125","937","5608262689","9315565355","664","69","172","10:47 PM"
"Kylynn","150","786","3261397888","7300295746","665","51","105","7:24 PM"
"Shay","326","843","0760118612","2760833445","666","18","115","7:22 PM"
"Orella","261","724","1974871290","9092678228","667","12","172","11:09 PM"
"Abbot","374","826","3256097618","3117335927","668","88","179","12:27 AM"
"Gerladina","193","605","3895453587","9566520344","669","14","199","7:42 AM"
"Gaelan","136","968","3180724048","7200371572","670","15","104","11:08 AM"
"Tierney","180","718","0889422028","6756540491","671","72","173","11:18 AM"
"Leda","386","725","4483622633","3174573157","672","46","144","10:56 PM"
"Cam","322","857","0137592760","6980881973","673","42","101","4:23 AM"
"Leodora","308","843","2483756352","8276452450","674","89","142","4:31 PM"
"Norma","274","605","3524999107","2456440579","675","29","135","12:33 PM"
"Remington","213","851","2236434936","7700074798","676","85","107","3:35 AM"
"Shaylah","292","957","2855205131","5824701067","677","49","153","6:37 PM"
"Barnaby","476","854","8752918688","4660382214","678","81","108","7:44 AM"
"Errol","175","734","5013761115","9575781732","679","21","174","11:06 AM"
"Fifine","216","740","3616120519","1234984865","680","85","117","1:52 PM"
"Christye","490","951","1625378017","8616935223","681","71","137","3:31 AM"
"Laurianne","143","832","8663161174","3480529860","682","38","154","2:21 AM"
"Frederico","319","711","3847645560","0168134535","683","44","161","9:27 AM"
"Korry","489","940","3461460338","0622043617","684","79","200","10:53 AM"
"Elsi","308","921","5033384015","4696673251","685","31","150","3:28 AM"
"Kristina","344","614","6834444947","5720732861","686","57","170","2:59 AM"
"Allister","333","783","6157530162","7209897461","687","11","128","3:57 AM"
"Elaina","486","660","6990060808","7183474542","688","26","124","5:22 AM"
"Janeczka","478","659","7639874157","5948215105","689","13","102","6:50 PM"
"Babbette","301","879","9042401338","6361843920","690","90","193","12:26 PM"
"Prisca","422","849","4573236740","7529724711","691","72","126","10:15 AM"
"Ben","467","681","7331285254","7284664932","692","37","107","8:18 AM"
"Murdoch","165","828","8326083380","1559100036","693","16","173","11:28 PM"
"Dar","313","887","5456614952","8025434133","694","30","137","8:20 PM"
"Nicholle","262","980","9849851066","5345582726","695","22","115","11:55 AM"
"Petrina","397","784","0825267609","0521930960","696","76","171","7:07 PM"
"Pedro","275","983","9946393395","1596150297","697","60","106","11:06 PM"
"Hobie","231","737","5274063314","8793840047","698","41","192","9:40 AM"
"Brnaba","283","600","0054039843","1786863138","699","23","198","11:19 PM"
"Philippa","203","805","6778217650","1695552199","700","17","116","4:07 AM"
"Ailbert","114","955","6922558235","7459145645","701","43","143","6:12 AM"
"Wes","359","951","4380495930","2674651849","702","30","152","4:46 AM"
"Susanetta","334","906","9891549348","5406837591","703","39","141","2:15 AM"
"Simeon","190","824","2456855442","0303537574","704","36","179","9:18 PM"
"Gun","161","931","4289833217","9905529977","705","87","150","2:47 PM"
"Joycelin","331","741","6835460814","0992495172","706","15","113","7:41 AM"
"Foster","490","948","1630277916","1617158569","707","64","123","8:48 PM"
"Tarrah","293","849","7688636884","8557804962","708","50","177","5:16 PM"
"Reiko","455","678","1420341928","7330877255","709","90","158","12:46 PM"
"Elyse","227","983","0203602021","5776354188","710","12","127","12:36 AM"
"Patrizius","238","974","0355099462","0967846862","711","80","124","5:06 AM"
"Honey","246","740","7354300004","1043189580","712","71","195","3:53 AM"
"Tracey","242","723","6248501130","4836324947","713","58","198","4:14 PM"
"Jeremie","408","808","4828038884","3778850733","714","86","170","11:35 AM"
"Dunc","152","975","1136418873","7417810950","715","16","113","4:27 AM"
"Saundra","309","999","0264468589","5818653137","716","46","104","3:42 PM"
"Jimmy","314","833","8441155976","9460234496","717","21","142","1:41 AM"
"Ilario","450","726","8175235772","9585093227","718","67","191","7:31 AM"
"Eddie","358","989","6174707628","0256358885","719","88","112","12:51 AM"
"Page","321","781","0411835416","2682765947","720","79","149","8:45 PM"
"Nedi","341","861","2217490036","0780694848","721","67","198","2:24 PM"
"Lu","444","781","3655455208","9436096763","722","34","103","6:14 PM"
"Von","454","942","1444981633","0701189797","723","65","193","4:19 AM"
"Karita","113","941","9368607958","7339986383","724","37","136","3:11 PM"
"Agathe","240","644","9244883562","0322601029","725","39","181","9:16 PM"
"Westbrooke","195","633","3646927399","4060991457","726","49","198","9:35 AM"
"Maureen","293","958","1522723358","2567264957","727","53","136","7:07 AM"
"Myca","246","730","0018289843","6539117191","728","41","182","7:39 PM"
"Sal","173","665","0308982193","7783648991","729","82","156","7:32 AM"
"Linnet","195","622","1320801668","1409630846","730","27","193","7:28 PM"
"Deeanne","218","780","9969481916","3538013527","731","46","184","1:15 PM"
"Wakefield","112","706","0707331870","7987213136","732","45","137","4:41 AM"
"Richmound","324","998","0557720516","6030218123","733","39","148","9:54 AM"
"Adora","356","602","4956685661","9402710256","734","13","195","3:40 AM"
"Meryl","117","740","5710120588","3164087799","735","59","155","8:58 AM"
"Teddi","190","631","9398407086","2942247304","736","47","120","6:02 AM"
"Lorant","106","823","4886475531","1491373539","737","21","174","3:56 AM"
"Brena","371","831","6139666163","0988617951","738","87","170","6:25 PM"
"Cleve","432","997","6213589392","2215206942","739","46","182","5:45 PM"
"Rem","363","691","1508032181","6237608990","740","57","182","7:32 AM"
"Filberto","187","661","7436934341","3371645894","741","53","119","2:58 PM"
"Turner","494","834","7814711401","3142896686","742","52","185","4:08 PM"
"Emory","359","732","9650730931","5734530352","743","51","100","6:11 PM"
"Boniface","309","754","6681824617","6856966601","744","44","151","1:26 PM"
"Aldus","264","801","6272604181","6090136328","745","75","107","6:25 PM"
"Damon","375","680","5387987104","4587367672","746","45","162","8:11 PM"
"Elwin","296","654","3627804201","3426177668","747","78","199","9:26 AM"
"Dana","275","658","8460043541","9673477205","748","14","148","4:53 PM"
"Dredi","296","640","7673717859","9078400536","749","84","191","7:01 AM"
"Beverly","478","671","1052067239","7581910210","750","51","195","5:47 AM"
"Bradly","347","795","6161563789","7501336857","751","84","102","1:37 AM"
"Alan","402","667","4806939161","1505318297","752","11","129","9:29 AM"
"Krispin","426","859","9548123886","2089490659","753","69","142","1:53 PM"
"Rozelle","141","800","9874230096","1734986441","754","17","199","1:02 PM"
"Kristine","302","958","2820923674","7515400250","755","22","114","12:31 AM"
"Damita","405","747","7774751025","9906062312","756","68","142","2:04 AM"
"Beverly","109","975","6079286602","3373234247","757","14","130","5:38 PM"
"Merrilee","395","611","9090888330","6794735067","758","17","107","2:34 AM"
"Celina","492","815","1166895149","0786442921","759","27","115","1:32 PM"
"Katuscha","315","875","0512795517","7031501636","760","35","107","1:47 AM"
"Shelba","206","738","7096429441","2835163719","761","11","108","3:43 AM"
"Winslow","293","858","6669171692","2716609667","762","54","162","5:04 AM"
"Dag","481","806","8468335045","4031160860","763","62","157","11:06 AM"
"Andria","352","725","3362282040","7120868446","764","18","200","4:47 PM"
"Care","347","907","1146279035","8762726986","765","52","152","1:45 AM"
"Angelico","335","644","3437688790","6855703380","766","56","136","3:46 AM"
"Ilyssa","390","1000","6812827010","9686421742","767","59","143","7:33 AM"
"Anson","340","730","6903602283","5213309690","768","41","158","1:06 PM"
"Suellen","119","857","4801469744","6225345884","769","90","150","10:05 PM"
"Carleton","445","704","5265071989","5574378086","770","48","111","8:50 PM"
"Henryetta","317","769","5412337325","0485931184","771","68","120","1:07 PM"
"Gregoor","222","958","6232870298","6487708771","772","79","125","2:57 AM"
"Bria","361","801","8671413934","6422008147","773","19","150","6:56 AM"
"Gennie","490","871","9208303985","8898538839","774","59","133","10:41 AM"
"Luis","247","714","0028277074","6852050947","775","25","190","5:21 AM"
"Isidora","290","794","9702872561","2478396343","776","20","126","8:14 AM"
"Alis","310","925","5602252592","8710385738","777","45","174","4:13 AM"
"Montgomery","442","888","1742797415","5398666509","778","20","119","3:39 AM"
"Cory","395","677","0057029660","0086556428","779","19","111","11:03 AM"
"Dolf","324","866","3199008968","4207884416","780","26","177","7:08 AM"
"Petunia","467","785","7563679405","9863122726","781","49","181","1:12 AM"
"Ag","105","840","0095526110","3272994106","782","32","155","9:48 AM"
"Augustina","488","687","6848645508","1216202494","783","68","125","3:31 PM"
"Paulina","339","802","1372616136","3333162938","784","43","193","11:41 PM"
"Gennifer","458","896","8177703501","4522872542","785","19","100","7:00 AM"
"Marillin","392","913","0589418858","1364148110","786","17","152","11:06 PM"
"Moses","251","949","0079302939","1588281302","787","22","192","5:23 AM"
"Branden","403","981","1472604385","2863449362","788","77","199","9:53 AM"
"Ami","234","753","9249563272","5822349331","789","90","132","7:05 PM"
"Tania","466","752","1233270885","2722187116","790","41","112","6:53 AM"
"Almire","227","632","8659695291","4525604700","791","39","153","5:35 PM"
"Jaynell","350","806","0188585796","6455290488","792","67","107","8:31 PM"
"Ximenez","150","969","3235866019","6281120736","793","15","196","12:40 PM"
"Gran","224","805","1122561881","0408973730","794","43","122","6:45 PM"
"Karoly","395","732","4939808599","4457690937","795","41","147","1:55 PM"
"Cassaundra","242","794","2454085054","4476199658","796","52","137","12:18 AM"
"Allyson","261","781","1401215475","7505645307","797","59","143","8:58 AM"
"Edlin","315","750","0832417807","7512130503","798","64","138","2:36 AM"
"Eveline","261","851","7417691684","4772984836","799","52","195","3:33 PM"
"Tabbie","419","742","6593485373","3173584902","800","52","186","12:38 PM"
"Brena","348","699","8870329275","2382983841","801","32","161","4:54 PM"
"Janet","330","922","1248639626","8692815497","802","71","180","10:00 PM"
"Brigitta","122","888","6825981838","0247152226","803","62","164","2:10 AM"
"Emili","383","861","1863919643","0486981274","804","53","174","2:15 PM"
"Alvina","187","813","1892046636","7084028560","805","32","165","2:50 PM"
"Duky","288","908","5516111625","6899762706","806","17","130","12:53 AM"
"Brian","331","782","3896440047","5658231604","807","39","159","1:55 PM"
"Elga","450","878","1132388406","2532142162","808","47","194","9:20 AM"
"Currie","193","713","3693957061","3571943465","809","69","118","12:59 PM"
"Colas","257","605","6445616445","0618479414","810","79","134","8:41 PM"
"Nessie","120","659","0630836574","5483592336","811","48","128","10:27 PM"
"Ave","142","875","6944069032","5644688267","812","21","120","8:02 PM"
"Erny","165","690","8092255768","7463556476","813","47","192","12:31 AM"
"Catriona","209","601","6270689074","9507601937","814","58","180","7:41 PM"
"Edan","351","659","0178309214","0136813704","815","59","105","12:12 AM"
"Gertrudis","312","766","7973580816","2772520730","816","89","171","5:36 AM"
"Ricoriki","187","682","0269548394","3166034293","817","18","182","11:13 AM"
"Cybill","297","620","2648387935","1515020525","818","70","102","6:06 PM"
"Thurstan","449","865","0316139289","9801440953","819","51","188","12:37 PM"
"Mildrid","466","959","7965367297","7710306896","820","37","103","8:34 PM"
"Reynold","448","731","3485137472","0085187739","821","37","146","10:52 AM"
"Major","303","769","3352129045","2883628769","822","39","199","5:30 PM"
"Nick","304","937","5038024297","3768399532","823","41","121","1:39 PM"
"Egbert","366","989","5359676736","8205208050","824","55","163","10:12 AM"
"Kally","246","828","6713286127","1468631500","825","71","111","5:28 AM"
"Berget","280","632","6103406099","3352998019","826","43","114","12:16 AM"
"Brigitte","408","739","0392210320","4294723289","827","47","143","8:15 PM"
"Eben","238","787","1660478758","4788773902","828","18","163","5:32 AM"
"Ravid","426","687","0525192190","1827130482","829","67","142","8:24 AM"
"Sander","172","801","5297396158","8517750039","830","45","114","9:51 AM"
"Isabelita","133","931","1588246701","7359133033","831","12","133","12:46 AM"
"Allistir","382","959","2952847754","4703447231","832","26","173","9:41 PM"
"Pierce","265","684","1661504728","1013075862","833","85","160","6:44 AM"
"Karin","497","973","9997566556","5108138156","834","71","195","8:40 AM"
"Horatio","412","617","5703290899","3917036630","835","81","191","6:59 AM"
"Henry","312","748","1583605428","5549905353","836","41","101","1:00 AM"
"Marietta","228","625","3814063376","5057147641","837","15","128","10:21 PM"
"Cole","255","932","6557078828","5091375163","838","69","145","6:19 PM"
"Rowan","364","768","6938176272","4944401655","839","30","104","2:55 PM"
"Octavia","393","817","2409551254","9608514134","840","27","119","8:37 PM"
"Willem","394","733","6065521574","9063640145","841","12","139","9:29 AM"
"Archibald","271","782","8357816967","4642048863","842","20","118","4:52 PM"
"Tresa","266","659","4779813190","6757688875","843","25","161","4:31 AM"
"Edithe","446","632","1156348315","5450969309","844","21","166","12:28 PM"
"Ruben","260","770","5633180232","7707770765","845","88","188","8:54 AM"
"Rorie","265","670","2924052394","7652539560","846","41","194","3:31 PM"
"Lou","224","777","6967001604","5166933354","847","89","148","10:57 PM"
"Deck","140","957","1999212428","5125725641","848","17","166","10:58 PM"
"Imogen","491","661","2677143267","0383514169","849","43","143","4:06 PM"
"Gun","419","958","7344665360","0371663202","850","37","107","3:26 AM"
"Hulda","278","660","2467841782","9206885340","851","27","176","1:27 PM"
"Stephie","496","817","2176003462","7560669646","852","51","147","1:46 AM"
"Jamey","350","750","6124533405","7441729688","853","30","138","12:29 AM"
"Lin","214","930","1853093203","1327507749","854","73","101","6:46 AM"
"Meridel","309","673","0773438807","1166046389","855","74","160","11:16 PM"
"Sayre","248","604","4222141828","6378780358","856","32","165","12:21 AM"
"Holli","452","958","6165905099","1809913047","857","61","148","12:11 PM"
"Kacy","138","770","8804678763","3679438923","858","27","132","8:32 PM"
"Pearce","248","644","7419082642","5623571115","859","71","118","1:44 PM"
"Ebba","246","769","4362943323","8547177663","860","57","132","6:28 PM"
"Phoebe","386","775","3535500281","0202515508","861","33","156","2:09 AM"
"Glenna","482","927","2557784036","8073486687","862","62","159","2:21 AM"
"Damara","417","761","1040821162","5296081269","863","58","189","9:22 PM"
"Ximenez","100","903","8783049126","2611538875","864","58","160","4:32 PM"
"Oralle","449","764","4894571986","2424282609","865","55","149","8:10 AM"
"Kerby","161","687","5405384836","1095116177","866","43","179","7:18 PM"
"Hilarius","270","725","0900340045","9597439670","867","74","101","5:17 AM"
"Bentlee","378","996","7883019473","2458762352","868","48","133","5:51 PM"
"Jone","170","693","2631837568","5852385654","869","73","161","12:47 AM"
"Aleda","345","792","1139484281","2695487711","870","12","136","1:13 PM"
"Cordey","393","959","5088400985","8365164868","871","20","153","11:04 AM"
"Selena","439","799","5048329147","8181099303","872","25","166","5:35 PM"
"Nola","471","854","3063666815","7313138601","873","36","185","10:55 PM"
"Griz","269","960","4654896392","6614847953","874","79","132","10:14 PM"
"Darlleen","165","638","6579506261","2910963632","875","28","160","1:09 PM"
"Bonny","247","659","6768160265","9446239087","876","34","140","4:11 PM"
"Juliette","258","725","4710428158","2084685990","877","62","165","11:36 PM"
"Gussi","391","691","3193784508","1737026783","878","24","146","6:50 AM"
"Ambrose","330","889","8605110856","3839764130","879","59","135","5:19 PM"
"Wynne","195","958","2675329037","9823548269","880","78","123","6:35 PM"
"Nanci","195","705","9576709105","4725132918","881","15","180","9:04 PM"
"Virgie","341","929","8606338532","8357493408","882","26","146","6:31 PM"
"Hailey","424","680","0481291695","3131988312","883","12","151","5:47 PM"
"Horton","490","985","7519621480","2159937452","884","18","106","9:02 AM"
"Drusi","176","778","0614525896","3608158723","885","62","102","11:19 PM"
"Henka","140","792","8770635064","1763763811","886","20","196","5:41 AM"
"Devora","463","660","9341107210","1183212208","887","25","131","4:17 AM"
"Milissent","443","867","4508988016","4920200781","888","87","145","12:45 PM"
"Ivett","340","724","1017174423","9079235253","889","81","140","8:51 PM"
"Jaquelyn","155","809","9210752597","2146364610","890","37","133","12:27 PM"
"Fiann","500","856","5519767785","6492312902","891","16","112","4:32 PM"
"Eliot","332","658","7864524931","6731705675","892","88","167","8:23 AM"
"Georgianna","303","620","9256467194","8061959771","893","78","197","9:11 AM"
"Gayleen","174","752","4520510724","4544988985","894","66","172","12:07 PM"
"Heidi","361","630","9096017358","0638607353","895","77","100","7:59 PM"
"Northrop","128","813","4099072231","9856891868","896","88","166","10:57 AM"
"Stern","278","871","7000975822","4161555989","897","52","136","5:45 PM"
"Iolanthe","294","895","4958131205","1716409500","898","36","163","12:40 AM"
"Katherine","157","606","2120976376","6901258925","899","68","164","4:50 PM"
"Hermione","124","897","3959696663","6768593722","900","80","195","11:36 PM"
"Shurlocke","115","781","7906276345","0840290470","901","14","100","7:27 AM"
"Remus","229","601","1000033694","4959172711","902","50","166","4:49 PM"
"Alberto","247","723","5045672304","7823988704","903","84","151","5:38 AM"
"Anselm","321","861","8440451482","3070546439","904","28","184","4:44 PM"
"Susanne","481","712","1271899248","2730616365","905","44","194","5:25 AM"
"Orton","460","640","2202370307","9359738107","906","71","111","11:13 AM"
"Daria","190","800","7161899389","0283688866","907","69","162","2:48 AM"
"Zondra","377","687","7726737204","2889181073","908","43","154","1:37 AM"
"Chadd","172","765","8613994881","1643878883","909","53","139","1:29 AM"
"Martino","377","662","3647864323","4454447470","910","11","153","7:40 AM"
"Heinrik","234","995","9507405127","8182362164","911","20","151","12:47 AM"
"Nyssa","425","942","8941347092","1595621156","912","12","176","9:50 AM"
"Haleigh","329","608","5554494803","9203220097","913","22","113","11:03 AM"
"Arabella","373","700","2148956299","4010925221","914","33","113","1:31 AM"
"Iolande","259","982","3545297551","5902982731","915","57","123","2:15 AM"
"Shela","473","997","2268489450","6913362609","916","21","158","4:28 AM"
"Alleyn","186","982","8769791406","4286256081","917","44","171","2:54 AM"
"Hildy","285","604","7107234978","4733501080","918","66","119","2:37 PM"
"Clayborne","388","903","2148967444","6133533315","919","50","191","9:34 PM"
"Katharyn","115","725","1119568498","7077178366","920","50","167","1:28 AM"
"Reena","454","674","1793566003","8049957233","921","74","143","12:54 AM"
"Cher","402","607","7916172658","1815195908","922","51","125","6:59 PM"
"Caroljean","330","888","9552994098","3448362611","923","46","194","2:29 AM"
"Bartholemy","184","767","2402027800","0257624961","924","26","159","11:35 PM"
"Phineas","338","751","5887344318","1597373214","925","57","187","1:06 PM"
"Diena","462","830","3888198690","0736956735","926","57","125","7:49 PM"
"Lorin","349","611","3319558730","6066212583","927","24","112","3:45 PM"
"Diarmid","110","983","3706402653","8716569733","928","18","165","6:22 PM"
"Ivor","187","659","0185513700","7045915659","929","49","146","10:31 AM"
"Temp","293","607","3756057631","0253043395","930","18","105","12:40 AM"
"Audrey","335","982","7338024782","5914356261","931","90","172","4:23 AM"
"Drugi","150","786","3551451567","2737681464","932","27","155","4:18 AM"
"Tori","115","900","7663572920","6856910924","933","68","143","2:58 PM"
"Holly","281","877","9629556634","9208214737","934","22","132","7:45 PM"
"Brian","282","745","8440785208","1220902918","935","44","126","10:12 AM"
"Kim","444","899","9539714958","9940713576","936","40","174","12:45 PM"
"Binnie","255","664","2024669816","7576767103","937","81","123","11:24 AM"
"Gustavus","335","978","7764762946","4792311497","938","44","111","6:12 PM"
"Rick","180","758","6956105640","4203695120","939","51","141","6:52 AM"
"Marget","374","844","6877650697","6652458756","940","74","197","2:43 PM"
"Brigida","286","894","7728530178","3725581134","941","88","105","3:36 AM"
"Katinka","122","924","7211491825","7880260420","942","48","174","7:48 AM"
"Dorelle","340","600","5808461642","1247222403","943","29","142","5:51 PM"
"Fredelia","300","903","0630548862","6321547530","944","24","149","10:09 PM"
"Teena","103","701","4364568465","5878915359","945","20","140","4:19 PM"
"Llewellyn","406","632","7028239640","9973782909","946","39","186","5:05 AM"
"Kendrick","230","988","7044674100","9260768713","947","74","187","9:33 AM"
"Lindi","496","685","6370011312","0801885884","948","83","114","5:23 PM"
"Cory","240","634","0075887479","7319762668","949","28","159","4:43 PM"
"Bar","370","758","7411923567","5506234503","950","69","125","10:34 AM"
"Carey","184","817","4042910319","4354515881","951","28","176","10:03 PM"
"Mathias","394","669","3653362814","9202098999","952","20","198","1:29 PM"
"Bunni","113","846","9461747713","1518326617","953","73","114","2:29 AM"
"Stephenie","223","698","6297858357","4499072573","954","34","200","9:21 PM"
"Zorina","274","942","9550462544","8119797086","955","75","192","11:27 AM"
"Shantee","136","814","3694451803","1695263529","956","42","175","6:18 PM"
"Scotti","435","783","1513773097","4792710677","957","17","123","7:53 AM"
"Rebeka","408","693","0156989506","5694993276","958","61","185","6:18 AM"
"Franklin","439","988","0622057235","7546676118","959","67","168","3:57 PM"
"Brendin","157","889","9625772529","6932468190","960","12","178","8:04 AM"
"Tamera","404","984","9704828187","6491918661","961","77","117","1:18 AM"
"Dierdre","435","746","3663988554","4733147368","962","53","164","3:18 AM"
"Willi","393","774","9420497941","4692986034","963","65","163","4:56 AM"
"Stearn","325","967","9652055379","0515928178","964","40","167","11:51 PM"
"Cordie","434","675","2889186083","7757725712","965","49","106","4:30 AM"
"Virgina","327","660","7816222580","2674970200","966","16","101","8:22 PM"
"Charlena","305","710","0978158024","3628602998","967","15","184","1:28 PM"
"Elliot","423","794","3024299289","5009043297","968","69","133","11:54 AM"
"Vonni","428","704","0624693546","6934454642","969","33","109","5:44 PM"
"Gran","268","685","2450573798","3859632183","970","19","113","10:50 AM"
"Billi","351","827","8398955287","7797755779","971","74","174","1:00 PM"
"Dodie","290","720","8524172797","1527532127","972","63","197","8:56 AM"
"Byrom","378","768","4794895720","6162419509","973","54","187","12:22 AM"
"Krisha","258","685","4841936726","7155554219","974","15","102","6:41 PM"
"Alidia","143","923","8775462672","1080747591","975","26","159","7:37 PM"
"Tammara","383","653","2324067064","6527161964","976","57","135","8:16 PM"
"Isadora","430","877","1129526844","6308646423","977","57","141","5:15 AM"
"Roxana","114","794","0545701007","5632706729","978","19","138","8:44 AM"
"Norman","288","719","1264445806","5497231217","979","17","152","4:35 AM"
"Davie","336","666","8340926810","6348702162","980","41","101","11:32 PM"
"Nikolaus","167","946","0628026374","4060133922","981","90","122","2:43 AM"
"Renaldo","319","782","1553646177","6155438935","982","26","129","3:30 AM"
"Jordan","350","692","7885236617","8298863585","983","50","176","2:59 PM"
"Brita","337","818","2308899670","9396045772","984","79","199","3:14 AM"
"Fernando","197","979","1401106676","5499366314","985","22","125","3:56 PM"
"Ax","278","649","3531145134","3537929323","986","68","147","8:34 AM"
"Cherise","330","942","0911035400","5619162362","987","79","160","12:55 AM"
"Lorilee","236","961","3101557690","5239556482","988","48","113","2:45 PM"
"Nickey","193","783","6498476419","9116696379","989","85","194","2:35 PM"
"Sella","323","738","2445050812","4660911640","990","17","178","7:30 PM"
"Lauretta","299","784","6827664422","3520606801","991","29","111","10:47 AM"
"Vallie","391","794","8055559961","9322700092","992","38","188","5:06 AM"
"Eveline","149","680","1460529367","3756946878","993","43","136","2:55 AM"
"Lauryn","428","626","6802038609","6523490289","994","48","169","8:01 AM"
"Mady","165","702","9053344128","9168722044","995","25","124","9:10 AM"
"Friedrich","408","646","3742688197","1858326125","996","58","147","10:43 AM"
"Timi","355","699","9856404800","1740675053","997","80","178","10:54 AM"
"Amabelle","401","862","6937743599","6227631957","998","74","107","10:46 AM"
"Terencio","357","956","6277612174","9957232851","999","48","120","3:35 PM"
"Mariel","120","668","4208703245","2021110915","1000","64","177","7:31 PM"
